stage,method,status,error,d,hidden_dim,hidden_multiplier,k,k_max,target_l0,lambda_prior,beta,best_epoch,epochs_trained,stopped_reason,runtime_seconds,peak_memory_mb,test_nmse,test_mse,l0,dead_pct,top1_agreement,original_top1_accuracy,reconstructed_top1_accuracy,logit_kl,suffix_max_abs_diff,checkpoint_path,sparsity_lambda,sparsity_target_l0,jump_init_threshold,jump_bandwidth
stage4,topk_nonorm,ok,,768,3072,4,8,,,,,89,120,early_stop_patience_30,121.4,584.2,0.624903,0.05128604,8.0,1.5951,0.890625,0.90234375,0.84375,0.21359499,0.001524209976196289,outputs/convnext_stage4_logspace_sweep/checkpoints/stage4_topk_nonorm_k8.pt,,,,
stage4,variable_topk_original,ok,,768,3072,4,,8,8.0,0.003,0.0003,47,78,early_stop_patience_30,86.0,307.1,0.6233274,0.05115673,6.58390466,26.1393,0.88476562,0.90234375,0.84179688,0.24833322,0.001524209976196289,outputs/convnext_stage4_logspace_sweep/checkpoints/stage4_variable_topk_original_k8.pt,,,,
stage4,topk_nonorm,ok,,768,3072,4,256,,,,,70,102,early_stop_patience_30,110.7,592.9,0.27577054,0.0226326,256.0,0.0,0.97460938,0.90234375,0.890625,0.02180462,0.001524209976196289,outputs/convnext_stage4_logspace_sweep/checkpoints/stage4_topk_nonorm_k256.pt,,,,
stage4,variable_topk_original,ok,,768,3072,4,,256,256.0,0.003,0.0003,31,63,early_stop_patience_30,354.7,2900.3,0.27773682,0.02279397,245.39249841,0.0,0.9609375,0.90234375,0.890625,0.02698151,0.001524209976196289,outputs/convnext_stage4_logspace_sweep/checkpoints/stage4_variable_topk_original_k256.pt,,,,
stage4,topk_nonorm,ok,,768,3072,4,11,,,,,86,118,early_stop_patience_30,120.3,582.5,0.60396798,0.0495679,11.0,0.5208,0.8984375,0.90234375,0.84765625,0.18474296,0.001524209976196289,outputs/convnext_stage4_geomspace_sweep/checkpoints/stage4_topk_nonorm_k11.pt,,,,
stage4,variable_topk_original,ok,,768,3072,4,,11,11.0,0.003,0.0003,45,79,early_stop_patience_30,91.2,326.0,0.60137024,0.0493547,8.79819037,3.9714,0.89257812,0.90234375,0.85546875,0.18484439,0.001524209976196289,outputs/convnext_stage4_geomspace_sweep/checkpoints/stage4_variable_topk_original_k11.pt,,,,
stage4,topk_nonorm,ok,,768,3072,4,16,,,,,79,109,early_stop_patience_30,112.2,582.7,0.58025809,0.04762202,15.99996014,0.1953,0.9140625,0.90234375,0.859375,0.15527802,0.001524209976196289,outputs/convnext_stage4_geomspace_sweep/checkpoints/stage4_topk_nonorm_k16.pt,,,,
stage4,variable_topk_original,ok,,768,3072,4,,16,16.0,0.003,0.0003,33,68,early_stop_patience_30,84.5,374.0,0.57408151,0.0471151,12.92781409,0.2604,0.92382812,0.90234375,0.86914062,0.15793951,0.001524209976196289,outputs/convnext_stage4_geomspace_sweep/checkpoints/stage4_variable_topk_original_k16.pt,,,,
stage4,topk_nonorm,ok,,768,3072,4,23,,,,,66,112,early_stop_patience_30,116.3,582.9,0.55537101,0.04557952,23.0,0.0977,0.91796875,0.90234375,0.88476562,0.12617167,0.001524209976196289,outputs/convnext_stage4_geomspace_sweep/checkpoints/stage4_topk_nonorm_k23.pt,,,,
stage4,variable_topk_original,ok,,768,3072,4,,23,23.0,0.003,0.0003,39,74,early_stop_patience_30,101.8,447.6,0.54200628,0.04448267,19.24306441,0.0,0.90039062,0.90234375,0.86132812,0.13432015,0.001524209976196289,outputs/convnext_stage4_geomspace_sweep/checkpoints/stage4_variable_topk_original_k23.pt,,,,
stage4,topk_nonorm,ok,,768,3072,4,32,,,,,77,108,early_stop_patience_30,111.3,583.2,0.52895739,0.04341175,31.99856505,0.0,0.93164062,0.90234375,0.875,0.10335946,0.001524209976196289,outputs/convnext_stage4_geomspace_sweep/checkpoints/stage4_topk_nonorm_k32.pt,,,,
stage4,variable_topk_original,ok,,768,3072,4,,32,32.0,0.003,0.0003,42,75,early_stop_patience_30,111.9,542.4,0.51434221,0.04221227,29.1772162,0.0,0.91992188,0.90234375,0.86914062,0.11394864,0.001524209976196289,outputs/convnext_stage4_geomspace_sweep/checkpoints/stage4_variable_topk_original_k32.pt,,,,
stage4,topk_nonorm,ok,,768,3072,4,45,,,,,63,97,early_stop_patience_30,101.0,583.6,0.49734461,0.04081727,45.0,0.0326,0.94335938,0.90234375,0.87695312,0.09770281,0.001524209976196289,outputs/convnext_stage4_geomspace_sweep/checkpoints/stage4_topk_nonorm_k45.pt,,,,
stage4,variable_topk_original,ok,,768,3072,4,,45,45.0,0.003,0.0003,40,73,early_stop_patience_30,129.0,679.2,0.48189379,0.03954922,43.19523278,0.0,0.94921875,0.90234375,0.87695312,0.08644639,0.001524209976196289,outputs/convnext_stage4_geomspace_sweep/checkpoints/stage4_variable_topk_original_k45.pt,,,,
stage4,topk_nonorm,ok,,768,3072,4,64,,,,,63,94,early_stop_patience_30,97.6,584.2,0.46398851,0.03807972,64.0,0.0,0.94726562,0.90234375,0.87695312,0.06791705,0.001524209976196289,outputs/convnext_stage4_geomspace_sweep/checkpoints/stage4_topk_nonorm_k64.pt,,,,
stage4,variable_topk_original,ok,,768,3072,4,,64,64.0,0.003,0.0003,36,69,early_stop_patience_30,145.5,879.2,0.44823559,0.03678688,60.23038903,0.0,0.94335938,0.90234375,0.87890625,0.07148335,0.001524209976196289,outputs/convnext_stage4_geomspace_sweep/checkpoints/stage4_variable_topk_original_k64.pt,,,,
stage4,topk_nonorm,ok,,768,3072,4,91,,,,,58,90,early_stop_patience_30,93.5,585.0,0.42280394,0.03469969,91.0,0.0,0.95703125,0.90234375,0.88085938,0.05413779,0.001524209976196289,outputs/convnext_stage4_geomspace_sweep/checkpoints/stage4_topk_nonorm_k91.pt,,,,
stage4,variable_topk_original,ok,,768,3072,4,,91,91.0,0.003,0.0003,31,64,early_stop_patience_30,157.4,1163.4,0.41004211,0.03365232,83.7660236,0.0,0.95117188,0.90234375,0.87304688,0.05876481,0.001524209976196289,outputs/convnext_stage4_geomspace_sweep/checkpoints/stage4_variable_topk_original_k91.pt,,,,
stage4,topk_nonorm,ok,,768,3072,4,128,,,,,54,87,early_stop_patience_30,89.6,586.2,0.37855532,0.03106819,128.0,0.0,0.95507812,0.90234375,0.88867188,0.04044868,0.001524209976196289,outputs/convnext_stage4_geomspace_sweep/checkpoints/stage4_topk_nonorm_k128.pt,,,,
stage4,variable_topk_original,ok,,768,3072,4,,128,128.0,0.003,0.0003,31,63,early_stop_patience_30,194.0,1552.9,0.3726823,0.03058619,116.29866869,0.0,0.94726562,0.90234375,0.88867188,0.04636497,0.001524209976196289,outputs/convnext_stage4_geomspace_sweep/checkpoints/stage4_variable_topk_original_k128.pt,,,,
stage4,topk_nonorm,ok,,768,3072,4,181,,,,,56,90,early_stop_patience_30,93.1,587.8,0.32793777,0.02691399,181.0,0.0,0.96484375,0.90234375,0.89453125,0.0327619,0.001524209976196289,outputs/convnext_stage4_geomspace_sweep/checkpoints/stage4_topk_nonorm_k181.pt,,,,
stage4,variable_topk_original,ok,,768,3072,4,,181,181.0,0.003,0.0003,31,63,early_stop_patience_30,249.8,2110.8,0.32436283,0.02662059,177.47185906,0.0,0.95117188,0.90234375,0.890625,0.03277297,0.001524209976196289,outputs/convnext_stage4_geomspace_sweep/checkpoints/stage4_variable_topk_original_k181.pt,,,,
stage4,l1_sae,ok,,768,3072,4,,,8.0,,,300,300,max_epochs,446.2,458.4,0.90095231,0.07394152,13.65636958,99.4466,0.046875,0.90234375,0.04296875,3.67263509,0.001524209976196289,outputs/convnext_stage4_geomspace_sweep/checkpoints/stage4_l1_sae_k8.pt,0.03,8.0,,
stage4,l1_sae,ok,,768,3072,4,,,11.0,,,43,77,early_stop_patience_30,120.0,458.4,0.9913352,0.08135928,11.72078284,98.5677,0.0,0.90234375,0.0,4.86362404,0.0007435083389282227,outputs/convnext_stage4_geomspace_sweep/checkpoints/stage4_l1_sae_k11.pt,0.035,11.0,,
stage4,l1_sae,ok,,768,3072,4,,,16.0,,,300,300,max_epochs,444.9,458.4,0.78077024,0.06407813,19.02881856,98.2096,0.54296875,0.90234375,0.52929688,1.41097195,0.001524209976196289,outputs/convnext_stage4_geomspace_sweep/checkpoints/stage4_l1_sae_k16.pt,0.025,16.0,,
stage4,l1_sae,ok,,768,3072,4,,,23.0,,,300,300,max_epochs,467.2,458.4,0.59267096,0.04864074,37.20157047,91.4714,0.88671875,0.90234375,0.83203125,0.27684689,0.001524209976196289,outputs/convnext_stage4_geomspace_sweep/checkpoints/stage4_l1_sae_k23.pt,0.018,23.0,,
stage4,l1_sae,ok,,768,3072,4,,,32.0,,,300,300,max_epochs,483.4,458.4,0.50794613,0.04168734,57.64213967,76.6276,0.91796875,0.90234375,0.859375,0.16687161,0.001524209976196289,outputs/convnext_stage4_geomspace_sweep/checkpoints/stage4_l1_sae_k32.pt,0.014,32.0,,
stage4,l1_sae,ok,,768,3072,4,,,45.0,,,296,300,max_epochs,470.4,458.4,0.45865895,0.03764232,77.76096142,56.543,0.93164062,0.90234375,0.875,0.12611358,0.001524209976196289,outputs/convnext_stage4_geomspace_sweep/checkpoints/stage4_l1_sae_k45.pt,0.0115,45.0,,
stage4,l1_sae,ok,,768,3072,4,,,64.0,,,297,300,max_epochs,502.6,458.4,0.42646973,0.03500054,97.79508131,44.0755,0.93359375,0.90234375,0.87109375,0.12169796,0.001524209976196289,outputs/convnext_stage4_geomspace_sweep/checkpoints/stage4_l1_sae_k64.pt,0.01,64.0,,
stage4,l1_sae,ok,,768,3072,4,,,91.0,,,294,300,max_epochs,478.2,458.4,0.3945048,0.03237717,122.41206952,30.599,0.93945312,0.90234375,0.8828125,0.09686418,0.001524209976196289,outputs/convnext_stage4_geomspace_sweep/checkpoints/stage4_l1_sae_k91.pt,0.0085,91.0,,
stage4,l1_sae,ok,,768,3072,4,,,128.0,,,296,300,max_epochs,484.3,458.4,0.37165917,0.03050222,146.41063457,20.638,0.953125,0.90234375,0.88476562,0.08155652,0.001524209976196289,outputs/convnext_stage4_geomspace_sweep/checkpoints/stage4_l1_sae_k128.pt,0.0073,128.0,,
stage4,l1_sae,ok,,768,3072,4,,,181.0,,,296,300,max_epochs,447.1,458.4,0.35712501,0.02930939,167.87854751,10.9049,0.94921875,0.90234375,0.87695312,0.07832174,0.001524209976196289,outputs/convnext_stage4_geomspace_sweep/checkpoints/stage4_l1_sae_k181.pt,0.0062,181.0,,
stage4,l1_sae,ok,,768,3072,4,,,256.0,,,300,300,max_epochs,454.7,458.4,0.3196095,0.02623048,213.64612564,2.0833,0.9609375,0.90234375,0.88671875,0.05467686,0.001524209976196289,outputs/convnext_stage4_geomspace_sweep/checkpoints/stage4_l1_sae_k256.pt,0.0052,256.0,,
stage4,jumprelu_sae,ok,,768,3072,4,,,8.0,,,226,257,early_stop_patience_30,408.8,714.2,0.83079845,0.06818396,8.3910236,0.0326,0.31445312,0.90234375,0.296875,2.69603102,0.001524209976196289,outputs/convnext_stage4_geomspace_sweep/checkpoints/stage4_jumprelu_sae_k8.pt,0.025,8.0,0.01,0.05
stage4,jumprelu_sae,ok,,768,3072,4,,,11.0,,,274,300,max_epochs,491.0,714.2,0.77123534,0.06329559,11.68562659,0.0,0.57421875,0.90234375,0.53710938,1.58181021,0.0007435083389282227,outputs/convnext_stage4_geomspace_sweep/checkpoints/stage4_jumprelu_sae_k11.pt,0.018,11.0,0.01,0.05
stage4,jumprelu_sae,ok,,768,3072,4,,,16.0,,,257,289,early_stop_patience_30,471.9,714.2,0.72407722,0.05942531,16.86670918,0.0,0.76757812,0.90234375,0.72851562,0.83900305,0.001524209976196289,outputs/convnext_stage4_geomspace_sweep/checkpoints/stage4_jumprelu_sae_k16.pt,0.012,16.0,0.01,0.05
stage4,jumprelu_sae,ok,,768,3072,4,,,23.0,,,257,289,early_stop_patience_30,447.2,714.2,0.67993859,0.05580283,25.23114636,0.0,0.80273438,0.90234375,0.765625,0.61659546,0.001524209976196289,outputs/convnext_stage4_geomspace_sweep/checkpoints/stage4_jumprelu_sae_k23.pt,0.008,23.0,0.01,0.05
stage4,jumprelu_sae,ok,,768,3072,4,,,32.0,,,277,300,max_epochs,450.1,714.2,0.63479733,0.05209807,30.54117506,0.0,0.87109375,0.90234375,0.84179688,0.32716203,0.001524209976196289,outputs/convnext_stage4_geomspace_sweep/checkpoints/stage4_jumprelu_sae_k32.pt,0.006,32.0,0.01,0.05
stage4,jumprelu_sae,ok,,768,3072,4,,,45.0,,,242,273,early_stop_patience_30,415.8,714.2,0.60482466,0.0496382,40.42805325,0.0,0.89648438,0.90234375,0.8515625,0.2617043,0.001524209976196289,outputs/convnext_stage4_geomspace_sweep/checkpoints/stage4_jumprelu_sae_k45.pt,0.0045,45.0,0.01,0.05
stage4,jumprelu_sae,ok,,768,3072,4,,,64.0,,,217,251,early_stop_patience_30,396.3,714.2,0.56856955,0.04666273,54.51957111,0.0,0.91210938,0.90234375,0.87304688,0.20207936,0.0007435083389282227,outputs/convnext_stage4_geomspace_sweep/checkpoints/stage4_jumprelu_sae_k64.pt,0.0033,64.0,0.01,0.05
stage4,jumprelu_sae,ok,,768,3072,4,,,91.0,,,172,207,early_stop_patience_30,312.9,714.2,0.51057686,0.04190325,80.74210778,0.0,0.93945312,0.90234375,0.890625,0.14322304,0.001524209976196289,outputs/convnext_stage4_geomspace_sweep/checkpoints/stage4_jumprelu_sae_k91.pt,0.0022,91.0,0.01,0.05
stage4,jumprelu_sae,ok,,768,3072,4,,,128.0,,,149,179,early_stop_patience_30,286.2,714.2,0.45374252,0.03723883,112.06700415,0.0,0.94335938,0.90234375,0.89453125,0.09562339,0.001524209976196289,outputs/convnext_stage4_geomspace_sweep/checkpoints/stage4_jumprelu_sae_k128.pt,0.0015,128.0,0.01,0.05
stage4,jumprelu_sae,ok,,768,3072,4,,,181.0,,,119,150,early_stop_patience_30,227.8,714.2,0.38940198,0.03195838,156.70994101,0.0,0.95507812,0.90234375,0.89648438,0.06862802,0.001524209976196289,outputs/convnext_stage4_geomspace_sweep/checkpoints/stage4_jumprelu_sae_k181.pt,0.001,181.0,0.01,0.05
stage4,jumprelu_sae,ok,,768,3072,4,,,256.0,,,98,130,early_stop_patience_30,202.5,714.2,0.32728344,0.02686028,223.55871333,0.0,0.95898438,0.90234375,0.8984375,0.04665441,0.001524209976196289,outputs/convnext_stage4_geomspace_sweep/checkpoints/stage4_jumprelu_sae_k256.pt,0.00065,256.0,0.01,0.05
